id,x,y,gender,year,week,child,income,house,education
0,115.7342505,5.069440723,Female,2002,40,1,6217,Village House,Non-Graduate
1,115.7433094,5.401020523,Male,2003,12,1,6103,Village House,Graduate
2,115.7048492,5.165739469,Female,2003,32,3,2998,Others,No Formal Education
3,115.5769574,5.309709373,Female,2003,3,3,3400,Terrace,No Formal Education
4,115.6253613,5.169267321,Male,2002,52,1,5908,Terrace,Non-Graduate
5,115.7298322,5.192440164,Female,2002,48,1,6906,Terrace,Graduate
6,115.5631481,5.209731511,Female,2003,10,4,4960,Village House,Graduate
7,115.8299363,5.314732348,Male,2003,41,2,3739,Village House,Graduate
8,115.8270488,5.469303003,Male,2002,8,4,7475,Terrace,Non-Graduate
9,115.8778419,5.377718308,Male,2002,28,0,3651,Terrace,Non-Graduate
10,115.6395227,5.442459877,Male,2002,8,0,1662,Terrace,Non-Graduate
11,115.6537671,5.1912725,Female,2003,22,0,6626,Village House,Non-Graduate
12,115.7340674,5.454411015,Female,2003,49,3,3674,Others,Graduate
13,115.7726977,5.161059919,Male,2003,53,1,5098,Others,No Formal Education
14,115.5795137,5.242856348,Male,2003,41,4,6447,Terrace,Non-Graduate
15,115.8678601,5.396140116,Female,2003,22,1,6115,Village House,No Formal Education
16,115.7907921,5.381154613,Female,2003,4,1,3379,Terrace,Non-Graduate
17,115.7090283,5.445903661,Female,2003,36,0,5164,Terrace,Graduate
18,115.7476678,5.293460127,Female,2003,46,1,1618,Village House,Non-Graduate
19,115.926513,5.306395654,Male,2002,49,1,5253,Others,No Formal Education
20,115.589773,5.252540233,Female,2003,53,0,2979,Others,Graduate
21,115.7155167,5.172787912,Female,2001,19,1,3898,Village House,No Formal Education
22,115.8116783,5.455683418,Male,2002,39,3,3704,Village House,Non-Graduate
23,115.5185559,5.250852694,Male,2002,40,0,7231,Terrace,Non-Graduate
24,115.9326428,5.324409826,Male,2002,51,0,7998,Terrace,Graduate
25,115.6766501,5.319774155,Female,2001,50,1,6928,Others,No Formal Education
26,115.5536286,5.275022777,Female,2001,9,2,3131,Village House,No Formal Education
27,115.7344657,5.414515877,Female,2003,4,3,5370,Others,Graduate
28,115.6607484,5.426890089,Male,2002,6,2,3276,Village House,No Formal Education
29,115.7654987,5.442294078,Female,2003,34,4,3894,Others,Non-Graduate
30,115.7981194,5.260155902,Female,2002,44,1,1905,Village House,No Formal Education
31,115.6121802,5.411556754,Male,2002,8,0,6072,Terrace,Non-Graduate
32,117.5350395,5.59179034,Female,2002,13,2,6568,Others,No Formal Education
33,117.1452244,6.207874268,Female,2002,28,0,4278,Others,Non-Graduate
34,117.2071117,5.657687746,Female,2002,20,0,3245,Others,Non-Graduate
35,117.5971959,6.10044268,Female,2003,47,4,4289,Others,Graduate
36,117.7135686,6.303383528,Female,2003,50,3,3367,Terrace,No Formal Education
37,117.3949139,6.142448343,Male,2002,37,1,7543,Terrace,Non-Graduate
38,117.5442807,5.61531438,Female,2003,10,4,4914,Others,No Formal Education
39,117.4236851,6.734172301,Male,2002,33,4,5906,Others,Non-Graduate
40,117.4716038,5.932329384,Female,2003,39,3,2423,Terrace,No Formal Education
41,117.366739,6.581135658,Male,2003,37,4,5810,Others,Graduate
42,117.0901234,5.972474217,Male,2001,43,3,7038,Others,Graduate
43,117.321148,5.550199336,Male,2003,32,2,5704,Terrace,No Formal Education
44,117.0196938,6.255397243,Male,2003,36,3,7561,Terrace,Graduate
45,117.5673396,6.221404456,Male,2003,2,1,7215,Terrace,Non-Graduate
46,117.663672,6.342271772,Female,2003,27,4,6133,Village House,No Formal Education
47,117.1810123,6.119449558,Female,2003,47,4,4876,Others,Non-Graduate
48,117.5353384,6.472145561,Male,2001,21,2,3667,Others,Graduate
49,117.0426964,6.221872619,Female,2002,48,3,3791,Others,Non-Graduate
50,117.1960471,5.669743925,Female,2002,5,0,7260,Village House,No Formal Education
51,117.5417728,6.549971411,Male,2001,26,2,5717,Others,No Formal Education
52,117.5311721,6.298580772,Male,2001,20,4,4590,Terrace,No Formal Education
53,117.1093237,5.817874085,Male,2001,3,4,3576,Others,Non-Graduate
54,117.0700741,6.187988677,Male,2001,47,4,5335,Others,No Formal Education
55,117.6025505,5.820239099,Male,2002,7,2,5806,Village House,Non-Graduate
56,117.3500847,6.408819197,Male,2001,40,0,3026,Others,Non-Graduate
57,117.4349881,6.195509219,Female,2002,36,1,7211,Terrace,Non-Graduate
58,117.5686855,5.711723675,Male,2001,20,4,2461,Others,No Formal Education
59,117.3751686,6.431687044,Female,2001,6,2,4600,Terrace,Non-Graduate
60,117.1345932,6.460904859,Male,2003,1,0,6055,Village House,No Formal Education
61,117.4023369,6.175013472,Male,2003,48,4,5586,Terrace,Non-Graduate
62,117.1948327,5.626756077,Male,2002,51,3,5403,Terrace,Graduate
63,117.1786703,6.232983509,Female,2002,11,1,3414,Village House,Graduate
64,116.1346764,5.418607557,Female,2002,18,1,5972,Terrace,Graduate
65,116.0443451,4.987789464,Male,2003,52,2,5067,Terrace,Graduate
66,116.133247,5.559395745,Female,2001,35,2,1850,Village House,Non-Graduate
67,116.1261049,5.476579368,Female,2002,51,4,3292,Others,No Formal Education
68,116.2287305,5.127823902,Male,2001,9,3,5269,Others,Non-Graduate
69,116.0479599,4.935906068,Female,2001,34,1,4003,Others,No Formal Education
70,116.076958,5.030582103,Male,2003,2,2,3007,Others,No Formal Education
71,116.047435,4.954335155,Female,2003,52,4,6246,Village House,Graduate
72,116.3768961,5.141345405,Male,2003,8,1,7804,Village House,Graduate
73,116.1608052,5.415663983,Female,2002,49,0,2112,Others,No Formal Education
74,116.2219087,5.171605101,Female,2001,31,4,5716,Others,Graduate
75,116.2606125,5.165315673,Female,2003,21,2,3742,Terrace,Non-Graduate
76,116.1047837,4.911169545,Female,2003,51,0,5027,Terrace,Graduate
77,116.1982209,5.274628251,Male,2003,48,4,2944,Village House,No Formal Education
78,116.1759814,5.099690473,Male,2002,4,1,1898,Village House,No Formal Education
79,116.3829978,5.217853502,Female,2003,18,2,2740,Others,Graduate
80,116.3630676,5.310452815,Male,2001,11,0,4004,Others,Non-Graduate
81,116.442952,5.258945279,Female,2002,48,2,4375,Others,Non-Graduate
82,116.0342663,5.039430531,Male,2003,7,2,3908,Terrace,No Formal Education
83,116.0214312,5.006694033,Female,2002,9,2,7847,Village House,No Formal Education
84,116.0762989,5.311118921,Male,2002,44,4,4422,Others,Non-Graduate
85,116.4905824,5.27405565,Female,2002,3,2,7121,Terrace,No Formal Education
86,116.5455385,5.336320429,Male,2001,50,3,7605,Terrace,Graduate
87,116.1353586,4.856097172,Male,2001,36,4,3510,Terrace,No Formal Education
88,116.1995268,5.561634436,Male,2002,4,1,2833,Village House,Non-Graduate
89,116.116709,4.908112399,Male,2003,46,3,2434,Others,No Formal Education
90,116.4726339,5.305950808,Female,2001,13,2,3975,Terrace,No Formal Education
91,116.4014151,5.30831264,Female,2001,48,0,4855,Others,Graduate
92,116.1630993,5.432665497,Female,2001,3,2,5473,Village House,Graduate
93,116.0703002,5.478683332,Female,2003,4,4,7048,Terrace,Non-Graduate
94,116.1160777,5.089957025,Male,2001,12,4,2939,Others,Graduate
95,116.0921188,5.073086953,Female,2003,5,0,7491,Others,Non-Graduate
96,117.6678012,5.57856312,Female,2002,25,1,4211,Others,Graduate
97,119.0690391,5.276700841,Male,2003,8,0,2041,Village House,Graduate
98,118.5779822,5.532550173,Male,2001,28,2,4688,Village House,Non-Graduate
99,117.9829936,5.413128288,Female,2002,34,4,3728,Others,Graduate
100,118.5573002,5.418894666,Male,2002,6,0,4447,Village House,Non-Graduate
101,118.2643564,5.295540237,Female,2003,2,0,6119,Terrace,Non-Graduate
102,118.1078367,5.247669107,Female,2003,22,0,2873,Terrace,Graduate
103,118.9154494,5.388563022,Female,2002,35,0,7788,Others,Graduate
104,117.5572758,5.274889753,Female,2001,13,4,1613,Others,Graduate
105,117.5342042,5.162808787,Male,2002,2,1,3777,Village House,Non-Graduate
106,118.3895064,5.53389387,Female,2001,3,0,7799,Village House,Graduate
107,118.2981579,5.326270356,Male,2001,45,4,6074,Others,Non-Graduate
108,117.5045829,5.481548844,Male,2002,23,2,5898,Village House,Graduate
109,118.4368643,5.380550104,Female,2001,12,4,5072,Village House,No Formal Education
110,118.0788974,5.340945633,Female,2001,26,4,2930,Village House,Non-Graduate
111,118.5104201,5.498388248,Male,2002,12,4,5143,Village House,Non-Graduate
112,118.1626827,5.276334107,Male,2003,7,1,6773,Terrace,Non-Graduate
113,119.1243081,5.430142972,Female,2002,49,4,4111,Village House,Non-Graduate
114,117.9668186,5.4688809,Female,2002,15,1,6515,Village House,Graduate
115,118.7357237,5.520948439,Female,2001,52,1,5410,Others,Non-Graduate
116,117.88972,5.418373676,Male,2002,5,2,1528,Others,No Formal Education
117,117.5541332,5.096069758,Female,2001,21,0,3998,Terrace,Graduate
118,118.1354356,5.4218128,Female,2003,50,1,7399,Village House,Non-Graduate
119,118.4488271,5.460947011,Male,2001,50,4,5076,Village House,No Formal Education
120,117.5615521,5.293884841,Male,2003,14,2,7656,Village House,Non-Graduate
121,118.2030009,5.510266993,Female,2003,3,0,7308,Others,Graduate
122,117.5970461,5.123542604,Female,2002,27,4,7806,Others,Non-Graduate
123,118.6053661,5.516707755,Male,2003,5,2,2604,Others,No Formal Education
124,117.8015071,5.542926419,Male,2002,23,2,7168,Others,Non-Graduate
125,117.837864,5.347349517,Female,2001,21,0,5666,Others,Graduate
126,118.3296528,5.39488219,Female,2001,47,2,6772,Terrace,Non-Graduate
127,118.6122821,5.519498421,Male,2001,22,3,2385,Village House,Graduate
128,116.4766053,6.158160474,Female,2002,10,4,5779,Terrace,Non-Graduate
129,116.6222112,6.583318125,Male,2003,42,1,6768,Village House,Non-Graduate
130,116.606379,6.510549279,Male,2003,25,4,4242,Others,Non-Graduate
131,116.4516236,6.084930757,Male,2002,18,1,3015,Others,Non-Graduate
132,116.5712072,6.534170604,Female,2001,30,3,5729,Village House,Graduate
133,116.5370496,6.472855392,Female,2001,20,2,5566,Others,Non-Graduate
134,116.436559,6.437253627,Female,2001,49,3,2966,Terrace,No Formal Education
135,116.5058705,6.490548093,Male,2003,45,2,3818,Others,Graduate
136,116.4715873,6.224176843,Male,2003,5,0,7561,Terrace,Non-Graduate
137,116.5697597,6.194305869,Female,2003,12,0,6530,Village House,Graduate
138,116.5137158,6.537166026,Male,2003,44,2,7755,Others,No Formal Education
139,116.5178239,6.177696352,Male,2003,15,2,7923,Others,Non-Graduate
140,116.3676468,6.392435678,Female,2003,35,2,3157,Terrace,Non-Graduate
141,116.597514,6.287754413,Female,2002,13,2,7696,Others,Non-Graduate
142,116.5740651,6.431088019,Male,2001,43,1,6977,Others,Graduate
143,116.5681596,6.530923016,Female,2002,49,0,4833,Village House,Non-Graduate
144,116.5582967,6.461482797,Female,2001,18,0,2031,Village House,Non-Graduate
145,116.4352848,6.337182407,Female,2002,19,1,5759,Village House,Non-Graduate
146,116.5649211,6.59563614,Male,2001,40,4,5756,Others,No Formal Education
147,116.5969207,6.536639175,Male,2002,16,3,1510,Others,No Formal Education
148,116.5977063,6.47201227,Male,2001,48,2,3017,Village House,Non-Graduate
149,116.4093438,6.391924888,Female,2003,6,1,2744,Others,Non-Graduate
150,116.5490505,6.454598067,Male,2003,41,2,6759,Others,No Formal Education
151,116.4488587,6.44295298,Female,2003,18,0,7019,Terrace,No Formal Education
152,116.3636023,6.369079927,Male,2002,20,2,4352,Terrace,Graduate
153,116.375964,6.298358272,Male,2003,16,4,7186,Terrace,Non-Graduate
154,116.503658,6.21932347,Male,2002,49,3,7266,Terrace,Graduate
155,116.5592165,6.33280563,Male,2001,34,0,7771,Terrace,No Formal Education
156,116.6052494,6.287481894,Female,2003,50,1,5960,Terrace,No Formal Education
157,116.4861455,6.075083904,Female,2002,40,2,2940,Village House,Graduate
158,116.5707386,6.535801905,Female,2002,38,1,2261,Village House,Graduate
159,116.4786744,6.222651746,Male,2001,44,3,1851,Others,Non-Graduate
160,116.1228812,5.962117204,Female,2003,50,1,5712,Terrace,Non-Graduate
161,116.0645956,5.960845855,Male,2002,13,3,1591,Village House,Non-Graduate
162,116.1620499,6.088889528,Male,2001,22,1,3738,Village House,Non-Graduate
163,116.2043827,6.078948919,Male,2001,39,0,7308,Others,Graduate
164,116.1453364,6.003315569,Male,2001,7,1,5470,Village House,Graduate
165,116.214213,5.960646041,Female,2002,31,1,1967,Village House,Non-Graduate
166,116.0671935,5.954860889,Female,2001,3,4,4641,Village House,Graduate
167,116.2523329,5.919910855,Male,2001,27,0,4088,Terrace,No Formal Education
168,116.2601555,5.923537128,Female,2003,51,4,3296,Others,No Formal Education
169,116.0143474,6.02506477,Female,2001,50,3,5544,Terrace,No Formal Education
170,116.0407876,5.99521208,Male,2001,31,2,2453,Village House,Non-Graduate
171,116.0477398,5.946112296,Female,2001,53,1,6186,Village House,No Formal Education
172,116.1190871,5.964221865,Female,2002,32,2,4900,Others,Non-Graduate
173,116.0159683,6.041495391,Female,2003,27,0,2984,Others,Non-Graduate
174,116.1110565,6.015646107,Male,2001,5,3,2336,Village House,Graduate
175,116.1733226,6.123342869,Male,2003,38,1,5236,Terrace,Non-Graduate
176,116.2303388,5.932114724,Male,2001,20,3,6165,Others,No Formal Education
177,116.1617843,6.058396791,Female,2001,8,4,3726,Others,Graduate
178,116.2155407,6.084888325,Male,2003,41,1,5968,Terrace,Non-Graduate
179,116.1718261,5.98011208,Male,2002,8,3,4540,Terrace,No Formal Education
180,116.1712242,6.043985077,Female,2001,30,4,4411,Village House,Non-Graduate
181,116.2312809,6.024604289,Female,2001,32,3,5881,Terrace,Graduate
182,116.1837837,5.994268818,Male,2002,21,1,2280,Terrace,Non-Graduate
183,116.1320945,6.118479018,Male,2002,32,3,5160,Others,Non-Graduate
184,116.1621181,5.970134156,Male,2001,11,1,5464,Village House,No Formal Education
185,116.2286749,6.035581413,Female,2001,14,0,6322,Others,Non-Graduate
186,116.0698967,6.06736092,Female,2001,24,3,7698,Others,Graduate
187,116.1319137,5.976930258,Female,2002,35,3,4331,Others,Graduate
188,116.1007331,5.984826533,Male,2002,34,1,5609,Terrace,Graduate
189,116.2311572,6.047108195,Male,2001,30,1,2559,Terrace,Graduate
190,116.2482193,6.047847545,Female,2003,14,3,2673,Village House,Non-Graduate
191,116.158071,6.025085886,Male,2003,13,4,1988,Others,Graduate
192,116.8239392,6.245415801,Male,2001,15,1,3060,Village House,No Formal Education
193,116.7720366,6.472668104,Female,2003,3,4,4539,Village House,Non-Graduate
194,116.8595666,6.408247918,Female,2002,51,3,3891,Village House,Non-Graduate
195,116.6838549,6.317164138,Male,2003,4,2,2248,Terrace,Non-Graduate
196,116.9591802,6.385692612,Female,2003,37,4,5228,Others,No Formal Education
197,116.8814316,6.572695089,Female,2001,22,1,4632,Village House,Graduate
198,116.8161626,6.448749403,Male,2002,27,1,2359,Terrace,Graduate
199,116.7850987,6.447785553,Male,2003,7,2,4148,Terrace,Non-Graduate
200,116.8215067,6.321800065,Female,2003,26,3,5793,Village House,No Formal Education
201,116.7839366,6.542635577,Female,2003,7,3,5495,Terrace,No Formal Education
202,116.7970767,6.496242741,Male,2002,21,2,4326,Terrace,No Formal Education
203,116.8269119,6.395542372,Female,2003,14,0,6354,Village House,Graduate
204,116.8536745,6.304120116,Male,2001,16,0,2900,Terrace,Non-Graduate
205,116.745083,6.612205908,Female,2002,44,1,6074,Terrace,Non-Graduate
206,116.9002695,6.443513666,Female,2001,46,1,3971,Village House,No Formal Education
207,116.6405505,6.584153225,Male,2003,53,3,6450,Terrace,Non-Graduate
208,116.7335072,6.465033298,Female,2001,28,4,4661,Others,Non-Graduate
209,117.0509683,6.418869305,Female,2001,35,0,4290,Terrace,No Formal Education
210,117.0831332,6.369015061,Female,2002,49,4,6217,Village House,No Formal Education
211,116.6963276,6.424667725,Male,2002,38,3,6239,Others,No Formal Education
212,116.8085546,6.386183697,Female,2002,31,3,4124,Others,No Formal Education
213,116.7121088,6.390642204,Male,2001,8,0,5966,Village House,No Formal Education
214,116.7491637,6.572853179,Female,2003,3,0,2125,Terrace,Graduate
215,116.9718537,6.420768004,Female,2003,34,4,3771,Terrace,Graduate
216,116.8782829,6.342739519,Male,2002,28,0,5392,Others,No Formal Education
217,116.695617,6.25774228,Male,2003,27,2,6239,Others,Graduate
218,116.8532095,6.371051666,Male,2002,34,1,7940,Others,No Formal Education
219,116.9433621,6.391886344,Female,2002,31,2,3545,Village House,Graduate
220,116.8634768,6.380895871,Female,2002,28,2,7705,Village House,Non-Graduate
221,116.8887623,6.587813865,Female,2001,46,2,3606,Others,Graduate
222,116.8577034,6.559301485,Female,2001,7,2,1599,Others,Non-Graduate
223,116.7635985,6.320180406,Male,2001,10,1,7041,Village House,Non-Graduate
224,115.3642817,5.330047827,Female,2001,2,0,2973,Village House,Graduate
225,115.46187,5.357507882,Male,2001,46,0,5850,Others,Graduate
226,115.4596943,5.432840379,Female,2002,44,2,4289,Others,No Formal Education
227,115.4305267,5.340879076,Female,2003,47,1,3351,Others,No Formal Education
228,115.4623832,5.30594024,Female,2001,23,1,7549,Others,No Formal Education
229,115.380072,5.325944198,Female,2002,4,4,3407,Terrace,Graduate
230,115.6059047,5.605745193,Male,2002,31,2,1522,Others,Graduate
231,115.4078909,5.293436585,Female,2003,30,0,1810,Others,No Formal Education
232,115.4664359,5.471806766,Female,2002,53,3,2335,Others,Graduate
233,115.3995445,5.3892631,Female,2003,34,1,6255,Village House,Graduate
234,115.4545562,5.310119246,Male,2002,13,3,4143,Village House,Non-Graduate
235,115.4711467,5.329966869,Female,2003,23,0,5040,Others,Non-Graduate
236,115.488876,5.299501617,Female,2001,39,1,7814,Others,Graduate
237,115.4152764,5.400576513,Female,2002,26,1,3577,Village House,Non-Graduate
238,115.4649808,5.318138896,Female,2001,32,3,6742,Others,Graduate
239,115.3787676,5.341937557,Male,2002,40,4,5852,Village House,Graduate
240,115.5568075,5.549245631,Male,2003,8,4,7009,Village House,Graduate
241,115.5304728,5.409075876,Female,2002,31,0,1939,Others,Non-Graduate
242,115.4709167,5.319542394,Male,2003,40,0,2486,Others,Non-Graduate
243,115.4585173,5.427975687,Female,2001,5,3,6896,Others,No Formal Education
244,115.45257,5.416167268,Female,2002,43,1,6564,Village House,Graduate
245,115.5498657,5.483577534,Female,2002,35,0,2758,Others,No Formal Education
246,115.4454013,5.425090984,Male,2002,7,4,5670,Terrace,Non-Graduate
247,115.5009025,5.424987153,Male,2001,31,3,6848,Others,No Formal Education
248,115.4853512,5.420425934,Female,2001,37,0,3208,Others,Non-Graduate
249,115.5138023,5.400982376,Male,2001,6,0,5231,Terrace,Graduate
250,115.6057282,5.518878721,Female,2002,19,3,2923,Others,Non-Graduate
251,115.43609,5.327263369,Male,2001,20,1,7800,Terrace,Non-Graduate
252,115.5592764,5.463130756,Male,2001,34,1,2174,Terrace,No Formal Education
253,115.5525107,5.441110647,Female,2003,32,3,1883,Others,Graduate
254,115.4200938,5.410633912,Female,2002,45,2,5010,Terrace,Graduate
255,115.5704461,5.536872389,Male,2001,16,4,4834,Terrace,Non-Graduate
256,116.6933355,6.737196544,Male,2003,1,3,7414,Village House,Graduate
257,116.7291098,6.762852823,Male,2003,29,3,3628,Village House,No Formal Education
258,116.7681125,6.810952701,Male,2002,33,4,6391,Terrace,Graduate
259,116.7828904,6.799429282,Male,2002,45,3,4008,Others,No Formal Education
260,116.726334,6.87591987,Male,2001,47,0,6886,Village House,Non-Graduate
261,116.8181175,6.817495243,Female,2003,12,3,6166,Others,Graduate
262,116.6872798,6.847796728,Female,2003,6,3,5421,Others,Non-Graduate
263,116.7360308,6.753394565,Female,2003,13,2,2228,Others,No Formal Education
264,117.1480506,7.348807551,Female,2001,12,0,6641,Others,Non-Graduate
265,116.7543622,6.688700839,Male,2003,48,3,3193,Village House,Graduate
266,117.0751005,7.183950739,Male,2001,44,4,6930,Village House,Non-Graduate
267,117.1957004,7.240514324,Female,2002,28,3,6648,Village House,Graduate
268,116.6691347,6.803496255,Male,2002,6,4,7998,Others,Graduate
269,117.1366245,7.32430447,Male,2003,42,3,7723,Others,Non-Graduate
270,116.742967,6.739461814,Female,2003,30,2,5269,Terrace,Non-Graduate
271,116.7902226,6.968646682,Female,2003,17,0,6850,Village House,No Formal Education
272,116.9300092,7.270672835,Male,2002,24,3,5727,Village House,No Formal Education
273,116.8296449,6.78314714,Female,2003,16,2,2841,Terrace,Graduate
274,117.0670969,7.207748914,Male,2003,33,1,4492,Others,Graduate
275,116.8467679,6.804267798,Male,2003,17,0,3164,Terrace,No Formal Education
276,116.9718026,7.307136204,Male,2001,28,4,7364,Terrace,No Formal Education
277,117.2893421,7.053768944,Male,2003,39,0,2518,Village House,Non-Graduate
278,116.7809599,6.93611159,Male,2002,46,1,4267,Village House,No Formal Education
279,116.6836881,6.850372602,Male,2002,2,1,4506,Village House,Graduate
280,117.293986,7.021045073,Female,2002,15,3,7587,Village House,Non-Graduate
281,116.7869231,6.806828993,Male,2001,19,1,5983,Terrace,Non-Graduate
282,117.161062,7.231783422,Male,2003,34,1,7400,Village House,No Formal Education
283,117.1707634,7.207577279,Male,2003,13,0,2086,Terrace,Non-Graduate
284,116.7516444,6.854055627,Male,2003,21,2,4918,Village House,Non-Graduate
285,116.7090516,6.712784139,Female,2002,16,0,5864,Others,Non-Graduate
286,117.2502517,7.207328406,Female,2003,37,3,6424,Village House,No Formal Education
287,116.7273874,6.664692203,Female,2002,19,2,2321,Village House,Graduate
288,118.2342902,4.672353145,Female,2003,44,3,7495,Terrace,Non-Graduate
289,118.0335181,4.642328991,Female,2002,28,2,2126,Others,Graduate
290,118.0726642,4.627017743,Male,2001,39,1,5155,Terrace,Graduate
291,118.1040924,4.805022324,Male,2003,50,0,3118,Village House,Non-Graduate
292,118.0840208,4.784243759,Female,2002,13,2,1640,Village House,Graduate
293,117.9307346,4.723884694,Female,2001,52,3,6410,Village House,No Formal Education
294,118.0137919,4.848279241,Female,2001,17,1,3822,Others,Graduate
295,118.1049771,4.64017075,Male,2001,34,2,5111,Others,Non-Graduate
296,118.236169,4.567809426,Male,2001,11,0,6102,Terrace,Non-Graduate
297,118.127901,4.737840206,Male,2002,48,3,2124,Terrace,Graduate
298,117.9255665,4.682083097,Female,2001,32,4,4494,Others,Non-Graduate
299,118.1958372,4.598356607,Male,2003,45,2,2659,Others,Non-Graduate
300,118.022501,4.703274175,Female,2002,11,2,7961,Others,Graduate
301,118.196775,4.615700579,Female,2003,37,3,1621,Others,No Formal Education
302,117.8522576,4.68405454,Male,2002,48,0,2421,Terrace,No Formal Education
303,118.2439627,4.572189892,Male,2002,21,2,3238,Village House,No Formal Education
304,118.0331999,4.653919342,Male,2003,25,2,2013,Terrace,Graduate
305,118.0796267,4.783139248,Male,2001,13,0,4432,Village House,No Formal Education
306,117.977247,4.752829064,Male,2002,43,0,2123,Terrace,Non-Graduate
307,118.0374797,4.71346962,Female,2002,33,1,3505,Terrace,Graduate
308,118.0644465,4.685308021,Male,2003,2,4,6237,Village House,No Formal Education
309,117.8858703,4.747710584,Male,2001,50,2,5926,Terrace,Graduate
310,118.1403717,4.640543605,Female,2002,28,2,3148,Terrace,Non-Graduate
311,118.1053248,4.674456786,Female,2003,37,1,6505,Terrace,No Formal Education
312,118.2052997,4.602821749,Female,2001,15,3,4359,Others,No Formal Education
313,117.8267149,4.689509496,Female,2003,50,3,5323,Others,No Formal Education
314,118.2052047,4.712058143,Female,2002,48,3,3276,Terrace,Non-Graduate
315,118.0599346,4.655497768,Female,2001,16,2,5603,Terrace,No Formal Education
316,117.9529149,4.643356603,Male,2003,7,4,6068,Village House,No Formal Education
317,117.9852056,4.650747814,Male,2001,46,2,2268,Village House,Non-Graduate
318,118.1717306,4.64807551,Male,2002,52,1,2711,Village House,Non-Graduate
319,118.1715876,4.716141417,Male,2003,14,1,4264,Village House,Non-Graduate
320,118.5733229,5.081499383,Female,2001,51,1,3441,Village House,No Formal Education
321,118.322325,5.20224894,Male,2001,25,2,5146,Terrace,Graduate
322,118.9489663,5.203096778,Male,2001,36,0,1792,Others,Graduate
323,118.9114971,5.073716133,Male,2001,42,4,1849,Terrace,Non-Graduate
324,118.1885473,5.181259357,Male,2001,6,3,7830,Terrace,No Formal Education
325,118.4605854,5.027534304,Female,2002,27,2,4507,Terrace,Non-Graduate
326,118.7812539,5.039043665,Male,2002,8,2,2170,Others,Graduate
327,118.0233323,5.1877618,Female,2003,44,3,6556,Terrace,No Formal Education
328,118.602411,5.180206999,Female,2002,20,3,1660,Village House,No Formal Education
329,118.4601953,5.255729406,Male,2002,19,3,3357,Others,Graduate
330,118.1189143,4.90071142,Female,2003,1,4,1590,Others,Graduate
331,118.5604426,5.076326214,Male,2001,48,2,4544,Terrace,Non-Graduate
332,117.9394905,4.809482827,Female,2001,5,2,3431,Others,Graduate
333,118.5201689,5.118236396,Female,2003,43,1,3154,Others,No Formal Education
334,118.5290984,5.233437648,Female,2003,47,2,6427,Terrace,Non-Graduate
335,118.5230067,5.058910753,Female,2002,11,2,4197,Terrace,No Formal Education
336,118.3665651,5.077714259,Male,2003,10,4,7023,Terrace,Graduate
337,117.841445,5.049963485,Female,2003,40,2,2639,Others,No Formal Education
338,118.7164183,5.093009722,Male,2001,48,0,5007,Others,Graduate
339,118.0712671,5.115483691,Female,2003,52,2,6258,Village House,Non-Graduate
340,118.8190455,5.123357732,Male,2003,23,0,1950,Village House,Non-Graduate
341,117.6723951,4.821646671,Female,2001,20,3,4126,Terrace,No Formal Education
342,118.347931,5.084419202,Female,2002,46,3,5931,Others,Non-Graduate
343,117.6544593,4.900092072,Male,2003,3,3,5894,Village House,Non-Graduate
344,118.7633131,5.078034723,Female,2001,12,4,3697,Village House,Non-Graduate
345,118.9052586,5.187419625,Male,2001,12,4,5092,Others,No Formal Education
346,118.4134413,5.171213181,Female,2001,18,1,5597,Terrace,Non-Graduate
347,118.9807326,5.064743782,Female,2003,43,1,7978,Village House,Graduate
348,117.5312061,4.94342324,Female,2003,47,3,4377,Terrace,Non-Graduate
349,118.2549871,5.1958193,Female,2002,37,2,7767,Village House,Non-Graduate
350,117.7784428,4.99136305,Female,2002,23,0,5019,Terrace,No Formal Education
351,117.9422974,4.88066442,Female,2003,24,4,6537,Terrace,No Formal Education
352,116.5701154,4.674527106,Female,2003,4,2,6686,Terrace,Graduate
353,116.8220877,4.471823512,Female,2003,7,1,4572,Others,Graduate
354,116.2440753,4.971385441,Male,2003,26,2,5142,Terrace,No Formal Education
355,116.0447905,4.334181035,Female,2002,21,1,2012,Others,No Formal Education
356,116.7955823,4.50297323,Male,2002,14,3,2875,Others,Graduate
357,116.0452723,4.569590532,Female,2001,26,1,4548,Terrace,Non-Graduate
358,116.5754604,4.757222404,Female,2001,40,3,6922,Others,Graduate
359,116.2958211,4.813535547,Male,2001,27,4,2504,Others,Non-Graduate
360,116.9990712,4.541653767,Female,2001,2,2,3798,Terrace,No Formal Education
361,116.2033361,4.520631204,Female,2001,6,3,6890,Terrace,Non-Graduate
362,116.3667504,4.927729132,Male,2003,8,1,4701,Terrace,Non-Graduate
363,116.3133758,4.706473605,Male,2002,38,2,6799,Village House,Non-Graduate
364,116.5613676,4.610285005,Female,2001,1,0,3561,Terrace,Graduate
365,116.6479711,4.446363567,Female,2002,35,0,6987,Village House,Graduate
366,116.0749454,4.584579355,Female,2001,33,3,3611,Village House,No Formal Education
367,116.0487754,4.495409426,Female,2003,1,3,2402,Terrace,No Formal Education
368,116.2046493,4.895051003,Female,2001,6,0,5764,Terrace,Non-Graduate
369,116.4221393,5.024718016,Female,2001,2,4,7216,Terrace,No Formal Education
370,116.8506193,4.662043999,Male,2003,17,0,5697,Terrace,Non-Graduate
371,116.2336969,4.848160975,Female,2002,45,3,5335,Terrace,No Formal Education
372,116.1987886,4.589553982,Female,2003,25,1,1935,Village House,Graduate
373,116.4530165,4.380409007,Female,2003,21,1,2400,Others,No Formal Education
374,116.5026673,4.898067741,Female,2001,33,2,7270,Terrace,Non-Graduate
375,116.6648413,4.464288459,Male,2002,30,1,2783,Others,Non-Graduate
376,116.495657,4.587274849,Female,2003,43,4,4424,Others,No Formal Education
377,116.6490245,4.505327485,Female,2003,38,0,5146,Terrace,Non-Graduate
378,116.7713164,4.469078104,Male,2002,29,1,6635,Others,Non-Graduate
379,116.5939492,4.613229035,Female,2002,21,3,4616,Village House,Graduate
380,116.0121101,4.388214982,Female,2003,24,0,4224,Terrace,No Formal Education
381,116.2364682,4.475510884,Female,2001,52,2,5303,Terrace,Non-Graduate
382,116.5648829,4.508888192,Female,2001,47,4,5815,Village House,Non-Graduate
383,116.4748209,4.594668429,Female,2001,26,1,4053,Village House,Non-Graduate
384,116.0472786,5.60158644,Male,2003,34,1,4575,Terrace,No Formal Education
385,116.1053001,5.642298701,Female,2002,26,1,3023,Terrace,Graduate
386,116.0181775,5.436577925,Male,2002,24,2,2176,Terrace,No Formal Education
387,115.9483526,5.46520841,Male,2002,47,1,6071,Terrace,Non-Graduate
388,116.2320363,5.698334199,Male,2001,43,4,7523,Others,No Formal Education
389,115.8740018,5.497490561,Female,2001,11,1,6328,Village House,No Formal Education
390,115.8723091,5.539964184,Female,2001,14,1,5996,Village House,No Formal Education
391,116.0779843,5.809063538,Male,2003,9,1,6836,Terrace,No Formal Education
392,116.02657,5.470378977,Male,2002,49,1,4158,Terrace,Graduate
393,116.0164102,5.517159825,Female,2002,48,1,6218,Terrace,No Formal Education
394,115.864496,5.47374946,Male,2001,22,2,5942,Others,No Formal Education
395,115.9244026,5.450841083,Female,2001,13,0,3610,Village House,Non-Graduate
396,116.1617349,5.784390754,Male,2001,36,4,2745,Terrace,Graduate
397,115.9783183,5.587263567,Male,2001,2,1,6208,Others,Graduate
398,116.0800966,5.704519382,Female,2001,39,2,4255,Village House,Non-Graduate
399,116.149781,5.767208549,Male,2003,50,3,2266,Others,Non-Graduate
400,116.1187375,5.791504032,Female,2001,48,3,7131,Terrace,Graduate
401,115.9960279,5.45379738,Female,2001,22,0,6717,Village House,No Formal Education
402,116.1733812,5.772909627,Male,2001,11,1,2990,Village House,Non-Graduate
403,115.9223412,5.533115326,Female,2001,9,4,4036,Terrace,Non-Graduate
404,116.0768773,5.549398509,Female,2002,49,2,7514,Village House,Graduate
405,115.9989419,5.584064964,Female,2001,34,2,6460,Others,No Formal Education
406,115.9782788,5.728242113,Female,2002,30,3,6622,Terrace,Graduate
407,115.9227378,5.552931087,Male,2002,43,4,3742,Others,Graduate
408,116.041067,5.795302972,Female,2002,31,4,5440,Others,Graduate
409,116.1062992,5.649208816,Female,2002,4,2,4478,Others,Non-Graduate
410,116.0668531,5.626556739,Male,2002,27,1,6110,Terrace,No Formal Education
411,116.0499308,5.56414177,Female,2003,38,1,7683,Terrace,Graduate
412,116.064414,5.660252658,Female,2001,39,1,7756,Village House,No Formal Education
413,116.0244211,5.525245825,Male,2003,21,3,5552,Village House,Non-Graduate
414,116.1356682,5.748322711,Female,2003,17,1,6066,Others,Graduate
415,115.9541025,5.428123403,Male,2002,50,1,6818,Terrace,No Formal Education
416,116.1548361,5.806009548,Male,2003,42,3,4708,Village House,Graduate
417,116.2307582,5.839363363,Female,2003,6,3,5634,Village House,No Formal Education
418,116.2627389,5.832453294,Male,2002,7,0,1627,Village House,No Formal Education
419,116.2450507,5.870330419,Female,2003,46,2,5776,Terrace,Graduate
420,116.2006927,5.768305114,Male,2002,28,3,6883,Terrace,No Formal Education
421,116.1849324,5.850700265,Female,2002,29,2,5455,Others,No Formal Education
422,116.2873134,5.804650811,Male,2003,42,4,2858,Village House,No Formal Education
423,116.1845584,5.938441384,Male,2001,24,0,6065,Terrace,Graduate
424,116.1812109,5.91124472,Female,2001,12,4,7290,Village House,Graduate
425,116.1523609,5.851909255,Male,2001,11,3,3266,Others,No Formal Education
426,116.1356466,5.825150561,Male,2002,34,2,7602,Others,Graduate
427,116.1420081,5.916704404,Male,2001,52,2,7144,Terrace,Graduate
428,116.2745986,5.765378212,Male,2002,30,3,6067,Terrace,Graduate
429,116.2810464,5.810561621,Female,2002,47,0,2594,Village House,Graduate
430,116.2401287,5.881371996,Female,2001,28,3,5588,Village House,Graduate
431,116.1735657,5.906568635,Female,2001,42,0,4309,Terrace,No Formal Education
432,116.1339189,5.8084752,Male,2002,21,1,4547,Terrace,Graduate
433,116.0796193,5.862594913,Male,2002,45,1,6584,Village House,Graduate
434,116.2242868,5.810841186,Female,2003,32,2,7365,Terrace,Graduate
435,116.132949,5.864983094,Male,2003,35,2,4499,Village House,Graduate
436,116.2434248,5.877201012,Female,2003,1,2,7249,Terrace,No Formal Education
437,116.1950351,5.887154387,Female,2003,22,2,3867,Village House,Graduate
438,116.2560624,5.856621863,Female,2001,27,3,4138,Others,No Formal Education
439,116.1287871,5.924351954,Male,2001,9,1,3319,Terrace,Non-Graduate
440,116.2975908,5.789177849,Male,2001,3,2,5784,Others,Graduate
441,116.2654791,5.75309581,Male,2002,51,1,3964,Terrace,No Formal Education
442,116.174375,5.826625871,Female,2002,39,1,4041,Village House,Graduate
443,116.1743831,5.922246557,Female,2002,10,2,6695,Village House,Non-Graduate
444,116.3090829,5.84067091,Male,2001,14,1,2140,Terrace,No Formal Education
445,116.1137536,5.915885844,Female,2002,45,1,5992,Terrace,No Formal Education
446,116.2029798,5.919712356,Male,2002,50,0,5039,Village House,No Formal Education
447,116.2566588,5.77588365,Female,2002,28,1,5609,Others,No Formal Education
448,116.9769611,6.549008519,Female,2003,18,4,2906,Terrace,No Formal Education
449,117.1238128,6.728999113,Male,2002,41,3,6960,Terrace,Graduate
450,117.116532,6.594355078,Female,2001,29,2,7739,Others,No Formal Education
451,117.1637169,6.885463867,Female,2003,31,2,4917,Village House,Non-Graduate
452,117.0555639,6.784016451,Female,2003,28,0,3095,Terrace,Graduate
453,117.1687257,6.787219844,Female,2002,28,3,1583,Others,Graduate
454,117.0806889,6.859256903,Male,2003,37,1,6728,Others,No Formal Education
455,117.1053008,6.702790677,Male,2003,46,2,6685,Terrace,Non-Graduate
456,117.0278514,6.458839001,Male,2002,30,1,5516,Village House,Non-Graduate
457,116.9675906,6.592181114,Male,2002,28,3,5459,Terrace,No Formal Education
458,117.0134178,6.771219672,Male,2002,17,0,2796,Others,Graduate
459,117.2392169,6.783150855,Male,2001,3,1,2450,Others,No Formal Education
460,117.0537139,6.448867284,Male,2003,36,3,4376,Others,Graduate
461,117.1854711,6.965807787,Female,2001,7,0,5499,Village House,No Formal Education
462,116.9586939,6.616206769,Female,2001,15,0,1892,Others,No Formal Education
463,117.032386,6.599333285,Male,2001,23,2,4142,Village House,Graduate
464,117.1306983,6.578063511,Female,2002,40,3,3249,Terrace,Graduate
465,117.0851952,6.67487024,Male,2002,37,2,3866,Terrace,No Formal Education
466,117.106995,6.814319031,Female,2002,35,1,2548,Village House,Graduate
467,117.2103854,6.937754377,Female,2002,18,1,5261,Others,Graduate
468,117.1662085,6.809734957,Female,2001,12,2,4431,Village House,Graduate
469,117.1511879,6.684979742,Male,2003,4,0,5584,Village House,No Formal Education
470,117.0402662,6.598471254,Female,2003,36,2,4685,Others,Non-Graduate
471,117.0745124,6.452208621,Male,2002,29,1,6191,Village House,No Formal Education
472,117.1276384,6.55669737,Female,2003,50,2,6313,Village House,Graduate
473,117.0965304,6.938597504,Male,2003,28,4,4242,Terrace,Graduate
474,117.2201109,6.700052325,Male,2003,35,4,1714,Terrace,Graduate
475,117.1956031,6.827475429,Male,2003,8,4,2251,Village House,No Formal Education
476,117.0198128,6.463847653,Female,2003,52,2,6956,Others,Non-Graduate
477,117.0577099,6.57058752,Female,2002,31,4,3604,Others,No Formal Education
478,117.0323208,6.823816071,Male,2003,38,0,4720,Others,Graduate
479,117.093408,6.818088313,Male,2002,18,3,4279,Terrace,No Formal Education
480,116.0507216,5.84794131,Male,2001,9,2,4793,Others,Non-Graduate
481,116.0502511,5.906176834,Male,2002,19,4,5505,Others,No Formal Education
482,116.070041,5.8519859,Male,2002,37,0,2141,Terrace,No Formal Education
483,116.04697,5.921387288,Female,2001,38,0,4704,Village House,Graduate
484,116.0437764,5.865462911,Male,2001,6,3,4624,Others,Non-Graduate
485,116.0413014,5.891542272,Male,2001,46,4,1772,Terrace,Graduate
486,116.0453822,5.906306617,Male,2003,4,2,4902,Village House,Graduate
487,116.0571295,5.847544943,Female,2001,38,2,6126,Village House,No Formal Education
488,116.0437754,5.847484555,Female,2003,32,1,7431,Village House,No Formal Education
489,116.0502591,5.852161455,Female,2002,40,2,4896,Others,Graduate
490,116.0632674,5.85118357,Female,2002,14,2,3256,Others,No Formal Education
491,116.0608999,5.900645646,Female,2002,19,0,1513,Others,Graduate
492,116.0454916,5.89142269,Female,2001,24,4,2984,Terrace,No Formal Education
493,116.0539032,5.878879351,Male,2001,52,3,6368,Terrace,Non-Graduate
494,116.0594576,5.894350066,Male,2001,40,2,2746,Village House,Non-Graduate
495,116.0562304,5.916510224,Male,2003,11,0,6089,Terrace,Graduate
496,116.0555682,5.849867297,Female,2001,52,1,3680,Village House,Graduate
497,116.0675369,5.871289017,Female,2003,33,3,2564,Village House,Graduate
498,116.0541466,5.843533508,Male,2003,19,0,6206,Others,No Formal Education
499,116.0450548,5.847697655,Female,2001,15,4,6958,Village House,Non-Graduate
500,116.0687379,5.858808453,Male,2003,10,1,7175,Others,No Formal Education
501,116.0609456,5.878070354,Female,2003,51,3,4636,Village House,Non-Graduate
502,116.0571606,5.85727322,Female,2001,26,4,3984,Village House,Non-Graduate
503,116.0509575,5.871787669,Male,2002,22,3,5435,Terrace,Non-Graduate
504,116.0682589,5.860701171,Female,2001,35,3,6512,Others,Non-Graduate
505,116.058989,5.875583124,Female,2003,46,4,5207,Village House,Graduate
506,116.0585927,5.858554857,Female,2003,17,1,4280,Village House,Non-Graduate
507,116.0516202,5.873087911,Female,2003,8,2,2380,Others,No Formal Education
508,116.0394627,5.904219763,Female,2002,18,0,6201,Village House,No Formal Education
509,116.0704181,5.848994647,Female,2002,32,4,2707,Terrace,Non-Graduate
510,116.062119,5.852116705,Male,2002,52,3,2868,Others,Non-Graduate
511,116.0493926,5.855293831,Male,2003,33,0,1682,Others,Graduate
512,116.8542475,6.031768247,Male,2003,44,4,3515,Village House,Non-Graduate
513,116.8217571,6.008867626,Female,2001,52,0,6880,Village House,Non-Graduate
514,116.9146709,5.726170971,Female,2002,12,4,5360,Others,Graduate
515,116.6408595,6.126156716,Female,2002,13,4,3778,Others,No Formal Education
516,116.6693188,6.016204548,Female,2001,46,3,4168,Village House,No Formal Education
517,116.7425622,5.969143371,Male,2001,52,4,5967,Terrace,Non-Graduate
518,117.080245,6.182100025,Female,2003,28,4,1719,Others,Non-Graduate
519,116.6819616,5.803405971,Female,2003,14,1,4336,Others,Non-Graduate
520,116.7280727,5.552051839,Male,2002,27,4,3017,Village House,No Formal Education
521,116.9058241,6.026341268,Female,2003,48,2,4672,Others,Non-Graduate
522,116.8136369,5.797207202,Male,2002,13,4,3731,Others,Non-Graduate
523,116.7270595,6.149663468,Female,2002,1,0,7904,Village House,No Formal Education
524,116.9363787,6.024749177,Male,2001,50,1,6485,Others,Non-Graduate
525,116.7844425,6.095892581,Male,2001,18,4,6877,Others,Non-Graduate
526,116.7667433,5.956919723,Female,2003,9,3,7384,Terrace,Non-Graduate
527,116.6217022,5.890677605,Male,2001,35,0,5924,Village House,No Formal Education
528,116.8441476,6.061429756,Female,2003,32,1,6022,Others,No Formal Education
529,116.8022946,6.184025696,Male,2003,1,3,4593,Others,Non-Graduate
530,116.8147263,6.108259034,Male,2003,15,3,2251,Others,Non-Graduate
531,116.6082879,6.060329108,Female,2003,33,2,6642,Others,Non-Graduate
532,116.7248512,6.162074262,Female,2001,53,0,7154,Village House,No Formal Education
533,116.9427493,6.062775574,Male,2002,17,2,7914,Terrace,Non-Graduate
534,116.9276111,5.728583242,Female,2003,15,2,2383,Village House,No Formal Education
535,116.7615593,6.197819714,Male,2002,10,0,7924,Terrace,Graduate
536,116.6987104,5.982915474,Male,2002,8,3,2923,Others,No Formal Education
537,116.9223519,6.045800905,Male,2001,47,4,7134,Village House,Graduate
538,116.7206137,6.111747951,Female,2003,13,0,5473,Others,Non-Graduate
539,116.7700402,5.758428264,Female,2003,31,0,7519,Terrace,No Formal Education
540,116.7278957,5.541099613,Female,2002,32,0,5429,Village House,Graduate
541,116.7869127,5.972540699,Male,2001,11,3,4899,Terrace,Non-Graduate
542,116.8450911,5.762815837,Male,2001,26,3,7188,Terrace,Graduate
543,116.725209,5.991291947,Male,2002,28,1,7730,Village House,No Formal Education
544,118.040942,5.952742457,Female,2001,17,0,4575,Others,Non-Graduate
545,117.70266,5.754111905,Male,2001,18,1,2579,Village House,Graduate
546,118.0748159,5.551321507,Female,2001,25,3,3439,Terrace,Graduate
547,117.9877899,5.824414835,Female,2002,29,1,6338,Terrace,No Formal Education
548,118.2431434,5.668042152,Female,2001,1,4,3712,Village House,Non-Graduate
549,117.6676228,5.878988129,Female,2001,1,3,7106,Terrace,Non-Graduate
550,118.2566745,5.729846522,Female,2002,10,4,7135,Others,Graduate
551,117.701419,5.826884145,Male,2002,8,0,3992,Terrace,No Formal Education
552,118.1841646,5.599006005,Female,2003,49,2,1893,Others,Non-Graduate
553,118.1604008,5.801353237,Male,2003,2,1,7806,Others,Graduate
554,118.2068497,5.634428124,Female,2003,6,0,6527,Terrace,Non-Graduate
555,118.0122517,5.978834347,Male,2002,4,4,2567,Others,No Formal Education
556,117.7035942,5.885537754,Female,2003,12,0,5206,Others,Graduate
557,117.9999023,5.74288351,Female,2002,31,1,3192,Terrace,No Formal Education
558,118.1842762,5.686005406,Female,2001,4,1,6679,Terrace,Graduate
559,117.9448,5.915710679,Female,2003,32,1,7738,Terrace,Non-Graduate
560,117.9540769,6.007669879,Male,2002,33,0,3341,Others,Non-Graduate
561,117.6545148,5.844450484,Female,2003,17,3,2377,Others,Graduate
562,117.6402561,5.839337038,Female,2002,43,0,4796,Terrace,No Formal Education
563,118.0459575,5.854856453,Female,2003,44,4,6724,Village House,Graduate
564,117.8368304,5.880987257,Male,2002,38,2,5451,Others,Graduate
565,117.9940321,5.652718614,Female,2002,32,0,4592,Village House,No Formal Education
566,118.0937364,5.577301478,Female,2003,27,4,7247,Terrace,Graduate
567,117.9754044,5.657137678,Male,2003,34,3,2847,Others,Graduate
568,117.8964329,5.784821122,Female,2003,44,0,2208,Others,No Formal Education
569,117.7491794,5.814446922,Female,2002,16,1,6927,Others,Non-Graduate
570,117.8310625,5.807629012,Female,2003,38,3,6458,Others,Non-Graduate
571,117.8669288,5.886901589,Female,2002,21,4,3605,Others,Graduate
572,117.841354,5.906650385,Female,2002,21,1,6008,Village House,No Formal Education
573,117.6729112,5.803481336,Female,2003,43,3,7142,Village House,Non-Graduate
574,118.1178176,5.638721194,Female,2002,28,4,5627,Terrace,Non-Graduate
575,118.0174094,5.642361665,Male,2002,15,1,2564,Others,Graduate
576,118.422188,4.393478812,Female,2003,11,2,6798,Others,No Formal Education
577,118.7619659,4.621101421,Female,2001,19,4,2386,Others,No Formal Education
578,118.473555,4.291079925,Male,2001,34,0,6193,Village House,Non-Graduate
579,118.6408185,4.474205697,Male,2003,42,3,5899,Terrace,Non-Graduate
580,118.5252936,4.368742246,Female,2001,7,3,2182,Terrace,Non-Graduate
581,118.3890844,4.55710877,Male,2002,22,2,5859,Others,Graduate
582,118.3038365,4.586616448,Male,2001,52,3,7426,Others,Graduate
583,118.6049332,4.438309534,Male,2001,3,4,5837,Others,Non-Graduate
584,118.4607562,4.6143758,Male,2003,10,0,1680,Terrace,Non-Graduate
585,118.3365035,4.661023126,Female,2003,22,3,7806,Terrace,No Formal Education
586,118.3952773,4.545674562,Male,2002,4,4,2162,Village House,Graduate
587,118.3650178,4.588802179,Female,2003,25,3,2746,Terrace,Graduate
588,118.3375695,4.377774495,Male,2003,8,4,2278,Village House,Graduate
589,118.5427312,4.50292335,Male,2003,25,3,4370,Others,No Formal Education
590,118.3532284,4.52119965,Male,2001,46,2,6260,Village House,Graduate
591,118.480303,4.556464736,Male,2003,13,3,3429,Others,No Formal Education
592,118.4444028,4.684982569,Male,2003,42,0,2366,Others,Graduate
593,118.3814681,4.57655531,Female,2003,47,4,5568,Terrace,No Formal Education
594,118.4520291,4.513252438,Female,2002,19,2,6704,Others,Non-Graduate
595,118.4724014,4.417575141,Male,2001,13,0,6043,Village House,Non-Graduate
596,118.5023189,4.543791604,Male,2003,5,4,7538,Terrace,Graduate
597,118.6768803,4.455859186,Female,2001,3,4,7671,Village House,No Formal Education
598,118.6839775,4.454404524,Female,2001,8,1,4474,Village House,Graduate
599,118.3757877,4.413927332,Male,2001,45,0,3364,Terrace,No Formal Education
600,118.557359,4.545237824,Female,2001,52,0,3322,Others,No Formal Education
601,118.3132767,4.497513877,Male,2002,4,2,2495,Village House,Non-Graduate
602,118.5861896,4.446292884,Female,2002,53,1,3804,Village House,Non-Graduate
603,118.4577757,4.500560013,Male,2002,17,2,2311,Terrace,Non-Graduate
604,118.4422186,4.399414169,Female,2003,25,1,7009,Others,No Formal Education
605,118.4818279,4.418055168,Male,2001,5,1,7960,Terrace,Non-Graduate
606,118.3083667,4.565159674,Male,2001,23,1,3304,Others,Non-Graduate
607,118.44852,4.6552909,Female,2001,26,2,7869,Village House,Non-Graduate
608,115.6962708,4.561444357,Male,2003,53,2,4417,Village House,Non-Graduate
609,115.6635894,4.874437127,Female,2003,3,2,3406,Others,No Formal Education
610,115.7860031,4.729723731,Male,2003,15,2,3085,Terrace,Graduate
611,115.7907178,4.37732433,Female,2002,36,2,3172,Others,Non-Graduate
612,115.7954577,4.478891146,Female,2001,47,1,4248,Terrace,Non-Graduate
613,115.6973661,4.869402015,Male,2003,21,2,7478,Village House,Non-Graduate
614,115.6533662,4.674403722,Female,2003,3,0,2526,Village House,Graduate
615,115.6578863,4.998053328,Female,2002,35,2,5634,Village House,Graduate
616,115.7189108,4.478965886,Male,2002,31,2,3497,Others,No Formal Education
617,115.8212848,4.386911445,Male,2003,52,3,6855,Village House,Graduate
618,115.7719262,4.625765803,Male,2002,13,0,3654,Village House,Non-Graduate
619,115.6406975,4.60912115,Male,2001,14,3,5506,Terrace,Graduate
620,115.6696533,4.966565973,Female,2002,10,0,3338,Terrace,Non-Graduate
621,115.7154483,5.01830309,Male,2003,23,3,6861,Others,Non-Graduate
622,115.6045338,5.014349373,Male,2003,11,3,5748,Others,No Formal Education
623,115.7594172,4.984069946,Female,2003,40,2,5820,Others,Graduate
624,115.7276168,4.895522084,Male,2002,52,2,6892,Terrace,Non-Graduate
625,115.6913701,4.17039778,Male,2003,51,1,4383,Village House,No Formal Education
626,115.7877258,4.586351084,Female,2003,3,4,7788,Others,Graduate
627,115.8488888,4.563945127,Female,2001,42,4,5562,Terrace,No Formal Education
628,115.615916,4.445100316,Male,2002,28,4,6880,Others,No Formal Education
629,115.8233728,4.588061561,Female,2002,25,3,6152,Village House,No Formal Education
630,115.7402696,5.045813032,Male,2003,17,0,3144,Village House,Non-Graduate
631,115.7285275,4.387083274,Female,2003,7,2,5368,Terrace,Graduate
632,115.7968986,4.415807111,Male,2003,7,3,7327,Terrace,Non-Graduate
633,115.6214126,4.649773637,Male,2002,44,1,5248,Village House,No Formal Education
634,115.7964742,4.487344052,Male,2003,13,4,5077,Village House,Graduate
635,115.6977738,4.693385083,Male,2003,3,0,4891,Village House,Graduate
636,115.7442012,4.449198349,Female,2001,43,4,2210,Village House,Non-Graduate
637,115.6583131,4.655609324,Female,2001,17,2,2263,Terrace,No Formal Education
638,115.8009124,4.386113002,Male,2003,9,3,2557,Terrace,Non-Graduate
639,115.7180044,4.275361864,Female,2003,42,4,3790,Others,Non-Graduate
640,116.5658318,5.623910659,Male,2002,36,0,3793,Terrace,Graduate
641,116.4739261,5.781298405,Female,2001,37,4,6214,Village House,Non-Graduate
642,116.2469618,5.573209204,Female,2003,4,0,5233,Others,Graduate
643,116.4903313,5.720097565,Female,2002,8,0,6077,Others,Graduate
644,116.4803251,5.671398109,Female,2003,12,0,4730,Terrace,Graduate
645,116.3710367,5.49639758,Male,2003,2,2,7286,Terrace,Non-Graduate
646,116.3226109,5.477061297,Female,2002,36,3,5980,Terrace,No Formal Education
647,116.5043776,5.745992189,Male,2003,40,2,5757,Terrace,Graduate
648,116.3842819,5.556573535,Female,2002,8,3,3081,Terrace,Graduate
649,116.5549823,5.636819096,Female,2003,3,2,3121,Terrace,No Formal Education
650,116.5878703,5.69897899,Female,2002,23,3,4424,Others,No Formal Education
651,116.3149271,5.543774029,Male,2002,1,0,4402,Others,Graduate
652,116.4896274,5.631534468,Female,2001,35,1,7843,Terrace,Non-Graduate
653,116.4323918,5.708328159,Male,2002,52,3,3151,Terrace,Graduate
654,116.5588523,5.74224728,Female,2003,50,2,5615,Terrace,Graduate
655,116.2102918,5.667197316,Male,2001,51,2,5396,Village House,No Formal Education
656,116.3122189,5.717538662,Female,2001,51,3,2799,Terrace,No Formal Education
657,116.3209664,5.767632628,Male,2001,48,3,6080,Terrace,No Formal Education
658,116.3947211,5.544187509,Female,2002,32,0,5624,Terrace,Non-Graduate
659,116.5620274,5.598345916,Female,2002,5,2,2683,Terrace,Graduate
660,116.3981387,5.828350504,Female,2001,19,2,2666,Village House,Non-Graduate
661,116.2698061,5.53742765,Female,2001,9,0,3329,Village House,Non-Graduate
662,116.4639312,5.678786092,Male,2002,6,2,3786,Village House,No Formal Education
663,116.4516438,5.817894376,Female,2001,20,3,6386,Village House,Graduate
664,116.3497353,5.53946415,Male,2003,52,2,2821,Others,No Formal Education
665,116.2098601,5.604924115,Female,2001,41,1,2221,Terrace,Non-Graduate
666,116.5594911,5.728878817,Male,2003,10,3,7065,Terrace,Non-Graduate
667,116.3764039,5.471282177,Female,2003,53,4,6651,Others,No Formal Education
668,116.2944798,5.582536221,Female,2002,50,1,4740,Others,No Formal Education
669,116.2670454,5.575985984,Male,2002,50,2,3809,Terrace,Graduate
670,116.5418802,5.616667513,Female,2001,23,3,4115,Others,No Formal Education
671,116.4894699,5.862167806,Male,2003,38,1,3495,Village House,No Formal Education
672,117.3364642,4.591844553,Female,2002,27,2,2742,Terrace,Graduate
673,117.8506314,4.351583374,Female,2002,7,3,6641,Others,Non-Graduate
674,118.1671912,4.377147789,Female,2003,41,3,4529,Village House,Graduate
675,117.7411729,4.68905005,Female,2002,40,1,5362,Terrace,Graduate
676,118.2464515,4.452652095,Female,2003,39,3,7146,Village House,No Formal Education
677,117.4955713,4.694666648,Male,2003,16,2,3781,Village House,No Formal Education
678,117.4950786,4.561844774,Male,2001,7,3,7518,Others,Graduate
679,117.4336039,4.64300999,Female,2002,39,0,2394,Terrace,Graduate
680,117.1847559,4.638500877,Female,2002,23,0,3032,Terrace,Non-Graduate
681,117.6232589,4.506162055,Female,2002,14,2,5695,Terrace,Non-Graduate
682,118.0155894,4.401913684,Female,2003,8,0,2834,Village House,Graduate
683,117.5691102,4.631647452,Female,2003,31,4,7771,Village House,Non-Graduate
684,118.0740629,4.444092033,Female,2002,9,1,2027,Village House,Non-Graduate
685,117.124855,4.600289544,Female,2002,24,3,5031,Village House,Non-Graduate
686,117.565446,4.337004499,Female,2002,5,4,2672,Village House,Graduate
687,117.2683466,4.632314622,Male,2003,19,2,6674,Terrace,No Formal Education
688,117.5598306,4.748408651,Male,2002,19,2,3211,Terrace,Graduate
689,117.3933514,4.396773783,Male,2002,38,0,1538,Terrace,Non-Graduate
690,117.5138689,4.27949594,Female,2002,18,2,7489,Terrace,Non-Graduate
691,118.0352443,4.326984902,Female,2003,32,0,6696,Terrace,Non-Graduate
692,117.3380963,4.614062401,Male,2002,19,1,6162,Others,No Formal Education
693,118.0368687,4.569659941,Male,2001,19,3,4714,Others,No Formal Education
694,117.5570381,4.446294942,Female,2001,43,1,7264,Village House,Graduate
695,118.0824642,4.466154141,Male,2003,34,4,6605,Others,Non-Graduate
696,117.5733269,4.629447412,Female,2003,14,2,5000,Terrace,Non-Graduate
697,117.4222914,4.58172791,Female,2001,39,1,4324,Terrace,Graduate
698,117.9187138,4.304548666,Male,2001,23,1,1618,Village House,Non-Graduate
699,117.1533877,4.451182168,Male,2001,50,1,3055,Others,No Formal Education
700,117.5848849,4.288083443,Female,2002,24,0,1829,Village House,No Formal Education
701,117.3216348,4.758655955,Female,2001,22,3,4267,Village House,No Formal Education
702,117.829802,4.343292333,Male,2003,39,4,3399,Village House,Non-Graduate
703,117.9089115,4.513002946,Male,2001,40,3,5845,Terrace,Graduate
704,116.0256759,4.79216131,Female,2003,14,0,4012,Village House,Graduate
705,115.9922704,5.20036463,Male,2002,23,4,2176,Terrace,No Formal Education
706,115.8572452,5.052686926,Male,2002,20,2,5900,Village House,Graduate
707,116.000038,5.287951725,Female,2003,44,4,3870,Others,No Formal Education
708,115.9773322,4.830262396,Female,2002,16,2,4877,Others,Graduate
709,116.1005488,4.66994776,Male,2001,25,0,6871,Terrace,Graduate
710,115.9045905,4.687343414,Female,2003,53,2,2269,Terrace,Graduate
711,115.9971411,5.186767931,Female,2003,12,0,6889,Terrace,No Formal Education
712,115.9309464,5.181969787,Female,2003,41,0,7184,Terrace,Graduate
713,115.8986115,4.50467079,Female,2003,36,2,5647,Others,Non-Graduate
714,116.0200537,5.223747842,Male,2003,51,0,2345,Village House,No Formal Education
715,115.8938326,4.613519392,Female,2001,52,4,6637,Village House,Graduate
716,115.9687646,4.570199444,Female,2002,13,4,5469,Terrace,Non-Graduate
717,115.9016034,5.280608318,Male,2002,51,0,3478,Others,Non-Graduate
718,115.8768445,4.734063894,Female,2003,13,3,6685,Terrace,Non-Graduate
719,116.0852003,4.868344397,Male,2001,15,4,7689,Terrace,Graduate
720,115.9904084,5.272698692,Female,2003,43,0,4266,Village House,No Formal Education
721,115.9735119,4.880618114,Female,2002,41,3,4990,Terrace,Non-Graduate
722,115.9238542,5.070367444,Female,2003,31,2,4926,Village House,No Formal Education
723,115.9637492,5.096111168,Female,2003,13,0,3840,Terrace,Non-Graduate
724,115.8539546,5.041346127,Male,2001,22,0,3185,Terrace,No Formal Education
725,116.0289922,4.593954399,Male,2003,33,2,7576,Others,Graduate
726,116.0701861,4.872673907,Male,2003,11,0,5802,Others,Non-Graduate
727,115.9591086,4.886563849,Female,2003,46,0,5011,Village House,Graduate
728,115.9479659,5.257462118,Male,2001,11,3,5332,Others,No Formal Education
729,115.9550416,4.887407344,Female,2002,23,4,5212,Village House,No Formal Education
730,116.0377125,5.272183728,Male,2001,45,3,2627,Terrace,Graduate
731,115.9525923,4.562744454,Female,2002,11,3,3951,Terrace,Non-Graduate
732,115.9705874,4.598380159,Female,2001,44,1,2203,Terrace,Non-Graduate
733,115.9170151,5.304426577,Male,2002,18,0,5428,Village House,Graduate
734,115.9476229,4.589906995,Female,2001,46,1,7949,Village House,No Formal Education
735,115.9090811,4.892553673,Male,2003,40,3,1704,Terrace,No Formal Education
736,117.322873,5.310576418,Female,2003,19,0,4359,Terrace,Graduate
737,117.0027605,4.703590974,Female,2003,42,4,6498,Terrace,No Formal Education
738,117.4639509,5.071225248,Male,2001,37,3,2680,Village House,Graduate
739,117.2969536,5.297507499,Female,2001,14,0,1916,Terrace,Graduate
740,116.9795117,5.376977686,Male,2002,47,4,2958,Village House,Graduate
741,117.1633094,4.871464017,Female,2002,48,4,2229,Others,Graduate
742,116.7753047,5.062945189,Female,2003,37,0,2091,Others,Graduate
743,117.0972408,4.981624784,Male,2003,2,3,3693,Terrace,Non-Graduate
744,116.6579461,5.347219968,Female,2001,29,0,3594,Village House,Graduate
745,117.2252118,4.901731473,Male,2002,18,4,7218,Village House,Non-Graduate
746,117.2222146,5.134038175,Female,2003,49,0,6801,Terrace,No Formal Education
747,116.9743151,4.9104397,Male,2003,36,3,2754,Village House,No Formal Education
748,117.4597862,5.379839402,Female,2001,17,2,2290,Village House,Graduate
749,117.498461,5.21726812,Female,2003,35,3,1677,Village House,Non-Graduate
750,116.9783141,5.060804289,Male,2001,7,2,6602,Terrace,No Formal Education
751,116.7953799,5.114672356,Female,2001,27,4,7114,Terrace,No Formal Education
752,116.6016172,4.884870381,Male,2002,28,4,7521,Others,Non-Graduate
753,117.4682463,5.023903898,Female,2002,45,3,4348,Village House,Non-Graduate
754,117.4448853,5.036078803,Male,2001,17,3,1936,Others,No Formal Education
755,116.6972822,4.900817472,Female,2002,7,2,2008,Others,No Formal Education
756,117.4585713,4.76655554,Female,2003,33,0,2717,Village House,Non-Graduate
757,116.913481,4.814703078,Male,2003,39,1,5115,Terrace,Graduate
758,116.9049111,5.319376609,Female,2001,15,2,1625,Village House,Graduate
759,116.6465727,5.144532381,Male,2002,52,1,3668,Village House,Graduate
760,117.0248165,5.040021718,Female,2002,46,3,7372,Others,Graduate
761,117.4034053,5.513221386,Male,2002,6,3,6787,Terrace,Non-Graduate
762,117.3954548,5.26834856,Female,2003,11,0,3115,Others,Non-Graduate
763,117.4311056,5.305558981,Male,2002,51,4,3915,Village House,No Formal Education
764,116.9353157,4.785124513,Female,2003,24,4,7089,Terrace,No Formal Education
765,117.0026871,4.771188611,Female,2002,42,2,7528,Terrace,Graduate
766,116.5071781,5.188356057,Male,2001,34,2,4468,Village House,No Formal Education
767,117.1257273,5.45026836,Male,2001,30,3,7865,Village House,Graduate
768,116.2314068,6.078024072,Female,2001,35,2,4768,Village House,Graduate
769,116.2533386,6.129426169,Male,2003,34,1,7128,Village House,Graduate
770,116.2754381,5.937600837,Male,2001,1,1,5616,Others,Graduate
771,116.3636026,5.94565681,Female,2001,20,0,3795,Village House,No Formal Education
772,116.2668886,6.042395915,Female,2002,37,0,2496,Others,No Formal Education
773,116.3495424,5.912589393,Female,2001,41,3,1783,Village House,Graduate
774,116.3462064,5.843486154,Male,2001,12,3,3020,Village House,Graduate
775,116.3978776,5.894798582,Female,2001,16,0,7455,Village House,No Formal Education
776,116.3226441,5.858567005,Female,2003,1,0,7670,Village House,Graduate
777,116.3430628,6.242786259,Female,2003,45,4,2126,Village House,Graduate
778,116.428591,6.091292512,Female,2003,28,2,4332,Terrace,No Formal Education
779,116.1790674,6.191685185,Female,2002,52,2,5767,Village House,No Formal Education
780,116.3221291,6.151233024,Female,2002,45,4,3980,Others,Graduate
781,116.4399964,5.986588403,Female,2003,9,1,4154,Others,Non-Graduate
782,116.4260703,6.097093014,Male,2001,19,1,3424,Terrace,Non-Graduate
783,116.3055824,6.285041119,Male,2003,47,0,6497,Others,Non-Graduate
784,116.3497896,5.969066042,Female,2001,47,2,4972,Terrace,Non-Graduate
785,116.4175019,6.194817909,Male,2001,18,4,4185,Village House,Non-Graduate
786,116.3677123,6.007405571,Female,2003,48,4,5794,Terrace,No Formal Education
787,116.3729838,5.995087345,Male,2002,29,1,5554,Others,Graduate
788,116.2844067,5.943406143,Male,2003,22,4,2626,Others,Non-Graduate
789,116.2092552,6.184408616,Female,2003,34,2,5258,Village House,No Formal Education
790,116.4095822,6.15936979,Female,2003,2,1,7732,Village House,No Formal Education
791,116.2298604,6.1681352,Female,2003,11,4,7113,Terrace,Graduate
792,116.2338729,6.18879966,Male,2001,3,0,5688,Others,No Formal Education
793,116.3525633,5.939531606,Female,2003,14,1,7321,Terrace,Graduate
794,116.3877488,5.948503862,Male,2003,8,4,5459,Village House,No Formal Education
795,116.3915477,5.869878008,Male,2001,45,1,6231,Village House,No Formal Education
796,116.311954,5.989939793,Male,2001,1,4,2346,Terrace,Non-Graduate
797,116.245443,6.086611083,Male,2001,46,1,5699,Village House,Graduate
798,116.3638077,5.974185077,Male,2002,41,3,5500,Others,Graduate
799,116.3586554,5.940288964,Male,2001,42,3,5099,Terrace,Non-Graduate